{
  "meta": {
    "lowfi-card-ids": [
      -834463,
      -74256,
      -827198,
      -577574,
      -535835,
      -886805,
      -593379,
      -552336,
      -909547,
      -919069,
      -27706,
      -157033,
      -689045,
      -985224,
      -275725,
      -969300,
      -195272,
      -879822,
      -645121,
      -306068,
      -218997,
      -698655,
      -262923,
      -110699,
      -597007,
      -701853,
      -329982,
      -390620,
      -730777,
      -292833,
      -515839,
      -291725,
      -669087,
      -690666,
      -803104,
      -64412,
      -665561,
      -641546,
      -40282,
      -620544,
      -928893,
      -698861,
      -790794,
      -608115,
      -57982,
      -572540,
      -825901,
      -834463,
      -74256,
      -827198,
      -577574,
      -535835,
      -886805,
      -593379,
      -552336,
      -909547,
      -919069,
      -27706,
      -157033,
      -689045,
      -985224,
      -275725,
      -969300,
      -195272,
      -879822,
      -645121,
      -306068,
      -218997,
      -698655,
      -262923,
      -110699,
      -597007,
      -701853,
      -329982,
      -390620,
      -730777,
      -292833,
      -515839,
      -291725,
      -669087,
      -690666,
      -803104,
      -64412,
      -665561,
      -641546,
      -40282,
      -620544,
      -928893,
      -698861,
      -790794,
      -608115,
      -57982,
      -572540,
      -825901
    ]
  },
  "cards": {
    "999": {
      "id": 999,
      "left": 150,
      "top": 150
    },
    "-834463": {
      "id": -834463,
      "left": 1057.2038944872634,
      "top": 50.91019515368157,
      "text": "MINGLE\n"
    },
    "-74256": {
      "id": -74256,
      "left": 384,
      "top": 63,
      "text": "TODO\n"
    },
    "-827198": {
      "id": -827198,
      "left": 215.55592756558667,
      "top": 474.6373813670118,
      "text": "lowfi vs copy\n"
    },
    "-577574": {
      "id": -577574,
      "left": 117.21510545112275,
      "top": 192.67924899719358,
      "text": "leave bluetack\n"
    },
    "-535835": {
      "id": -535835,
      "left": 1232.1279405484856,
      "top": 378.49618316557155,
      "text": "add image\n"
    },
    "-886805": {
      "id": -886805,
      "left": 895.9109447903061,
      "top": 375.0498316305523,
      "text": "random small a\nngle"
    },
    "-593379": {
      "id": -593379,
      "left": 118.37832514735115,
      "top": 255.55692272220472,
      "text": "draw\n"
    },
    "-552336": {
      "id": -552336,
      "left": 374.5819006199806,
      "top": 622.6770655631626,
      "text": "spangle when n\new"
    },
    "-909547": {
      "id": -909547,
      "left": 897.1911908424208,
      "top": 450.1955673440245,
      "text": "store to servi\nce"
    },
    "-919069": {
      "id": -919069,
      "left": 372.5627264471762,
      "top": 379.064850959457,
      "text": "service stores\nto git"
    },
    "-27706": {
      "id": -27706,
      "left": 228.57237734478645,
      "top": 194.10206174531282,
      "text": "colour by type\n"
    },
    "-157033": {
      "id": -157033,
      "left": 369.2893772640532,
      "top": 463.8614352449304,
      "text": "save on change\n"
    },
    "-689045": {
      "id": -689045,
      "left": 94.00027680600087,
      "top": 544.7608911487644,
      "text": "ui tools on sc\nroll"
    },
    "-985224": {
      "id": -985224,
      "left": 375.7538776640686,
      "top": 293.4082638114005,
      "text": "areas\n"
    },
    "-275725": {
      "id": -275725,
      "left": 93.90519502189224,
      "top": 320.1802929996278,
      "text": "show card deta\nils"
    },
    "-969300": {
      "id": -969300,
      "left": 854.7809906579577,
      "top": 864.6189277389576,
      "text": "proper word wr\nap"
    },
    "-195272": {
      "id": -195272,
      "left": 774.3832292726192,
      "top": 374.5825476976372,
      "text": "bring to front\n"
    },
    "-879822": {
      "id": -879822,
      "left": 86.25241416602282,
      "top": 401.41508445420527,
      "text": "edit card\n"
    },
    "-645121": {
      "id": -645121,
      "left": 346.97908593057565,
      "top": 537.5695941396345,
      "text": "cards from pic\nture: opencv h"
    },
    "-306068": {
      "id": -306068,
      "left": 89.64012598079916,
      "top": 474.91559448962414,
      "text": "ocr written ca\nrd"
    },
    "-218997": {
      "id": -218997,
      "left": 893.467286608695,
      "top": 246.19264521665576,
      "text": "make room: dra\ng multiple"
    },
    "-698655": {
      "id": -698655,
      "left": 903.6783427212711,
      "top": 315.6761763837312,
      "text": "drop shadow\n"
    },
    "-262923": {
      "id": -262923,
      "left": 368.46602786445237,
      "top": 228.43619413117403,
      "text": "add sticky\n"
    },
    "-110699": {
      "id": -110699,
      "left": 899.8493395767055,
      "top": 587.967916646304,
      "text": "realistic wall\n"
    },
    "-597007": {
      "id": -597007,
      "left": 845,
      "top": 62,
      "text": "DONE\n"
    },
    "-701853": {
      "id": -701853,
      "left": 224.0458260820633,
      "top": 621.8850272240461,
      "text": "widget\n"
    },
    "-329982": {
      "id": -329982,
      "left": 785.434704512006,
      "top": 151.37280660024055,
      "text": "change handler\n-> resources"
    },
    "-390620": {
      "id": -390620,
      "left": 899,
      "top": 166,
      "text": "BUG: doesnt st\nore selected c"
    },
    "-730777": {
      "id": -730777,
      "left": 776,
      "top": 297,
      "text": "split js\n"
    },
    "-292833": {
      "id": -292833,
      "left": 223,
      "top": 325,
      "text": "named walls\n"
    },
    "-515839": {
      "id": -515839,
      "left": 217,
      "top": 400.7192418004431,
      "text": "named sources\n"
    },
    "-291725": {
      "id": -291725,
      "left": 236,
      "top": 267,
      "text": "walls in sourc\nes"
    },
    "-669087": {
      "id": -669087,
      "left": 233,
      "top": 138,
      "text": "comet push\n"
    },
    "-690666": {
      "id": -690666,
      "left": 218,
      "top": 545,
      "text": "regular update\nchecks"
    },
    "-803104": {
      "id": -803104,
      "left": 774,
      "top": 220,
      "text": "fix statics se\ncurity"
    },
    "-64412": {
      "id": -64412,
      "left": 1180,
      "top": 797,
      "text": "img: card.jpg"
    },
    "-665561": {
      "id": -665561,
      "left": 393,
      "top": 397,
      "text": "img: bug.png"
    },
    "-641546": {
      "id": -641546,
      "left": 1260,
      "top": 393,
      "text": "RELEASED"
    },
    "-40282": {
      "id": -40282,
      "left": 371,
      "top": 144,
      "text": "add any image"
    },
    "-620544": {
      "id": -620544,
      "left": 61,
      "top": 145,
      "text": "set area for new cards"
    },
    "-928893": {
      "id": -928893,
      "left": 83,
      "top": 586,
      "text": "work offline from source"
    },
    "-698861": {
      "id": -698861,
      "left": 489,
      "top": 228,
      "text": "split card vs fabric"
    },
    "-790794": {
      "id": -790794,
      "left": 492,
      "top": 303,
      "text": "isolate fabric"
    },
    "-608115": {
      "id": -608115,
      "left": 496,
      "top": 417,
      "text": "push to github"
    },
    "-57982": {
      "id": -57982,
      "left": 1225,
      "top": 407,
      "text": "change card color"
    },
    "-572540": {
      "id": -572540,
      "left": 604,
      "top": 135,
      "text": "change card colour"
    },
    "-825901": {
      "id": -825901,
      "left": 601,
      "top": 58,
      "text": "CURRENT"
    }
  }
}